track	shortLabel	longLabel	group	type	visibility	itemRgb	bigDataUrl	priority	html	txt description	who	file received	on-hub	comment	sample
repeatmasker	RepeatMasker	RepeatMasker	Variation and Repeats	bigBed 9	hide	on	https://public.gi.ucsc.edu/~fryabov/ucsc_browser_hubs/hub_t2t-primates_censat/bb/repeatmasker/mGorGor1.matpat.v2.repeatmasker.bb	1	https://public.gi.ucsc.edu/~fryabov/ucsc_browser_hubs/hub_t2t-primates_censat/html_descriptions/description_repeatmasker.html	https://eichlerlab.gs.washington.edu/help/glogsdon/t2t_primates/frozen_repaired_assemblies_repeatmasker/whole_genome/html_description_repeatmasker.txt	(Jessica/Fedor)	TRUE	TRUE		mGorGor1
repeatmasker	RepeatMasker	RepeatMasker	Variation and Repeats	bigBed 9	hide	on	https://public.gi.ucsc.edu/~fryabov/ucsc_browser_hubs/hub_t2t-primates_censat/bb/repeatmasker/mPanPan1.matpat.v1.repeatmasker.bb	1	https://public.gi.ucsc.edu/~fryabov/ucsc_browser_hubs/hub_t2t-primates_censat/html_descriptions/description_repeatmasker.html	https://eichlerlab.gs.washington.edu/help/glogsdon/t2t_primates/frozen_repaired_assemblies_repeatmasker/whole_genome/html_description_repeatmasker.txt	(Jessica/Fedor)	TRUE	TRUE		mPanPan1
repeatmasker	RepeatMasker	RepeatMasker	Variation and Repeats	bigBed 9	hide	on	https://public.gi.ucsc.edu/~fryabov/ucsc_browser_hubs/hub_t2t-primates_censat/bb/repeatmasker/mPanTro3.hap1hap2.v1.repeatmasker.bb	1	https://public.gi.ucsc.edu/~fryabov/ucsc_browser_hubs/hub_t2t-primates_censat/html_descriptions/description_repeatmasker.html	https://eichlerlab.gs.washington.edu/help/glogsdon/t2t_primates/frozen_repaired_assemblies_repeatmasker/whole_genome/html_description_repeatmasker.txt	(Jessica/Fedor)	TRUE	TRUE		mPanTro3
repeatmasker	RepeatMasker	RepeatMasker	Variation and Repeats	bigBed 9	hide	on	https://public.gi.ucsc.edu/~fryabov/ucsc_browser_hubs/hub_t2t-primates_censat/bb/repeatmasker/mPonAbe1.hap1hap2.v3.repeatmasker.bb	1	https://public.gi.ucsc.edu/~fryabov/ucsc_browser_hubs/hub_t2t-primates_censat/html_descriptions/description_repeatmasker.html	https://eichlerlab.gs.washington.edu/help/glogsdon/t2t_primates/frozen_repaired_assemblies_repeatmasker/whole_genome/html_description_repeatmasker.txt	(Jessica/Fedor)	TRUE	TRUE		mPonAbe1
repeatmasker	RepeatMasker	RepeatMasker	Variation and Repeats	bigBed 9	hide	on	https://public.gi.ucsc.edu/~fryabov/ucsc_browser_hubs/hub_t2t-primates_censat/bb/repeatmasker/mPonPyg2.hap1hap2.v3.repeatmasker.bb	1	https://public.gi.ucsc.edu/~fryabov/ucsc_browser_hubs/hub_t2t-primates_censat/html_descriptions/description_repeatmasker.html	https://eichlerlab.gs.washington.edu/help/glogsdon/t2t_primates/frozen_repaired_assemblies_repeatmasker/whole_genome/html_description_repeatmasker.txt	(Jessica/Fedor)	TRUE	TRUE		mPonPyg2
censat	CenSat	Centromeric Satellite annotations	Variation and Repeats	bigBed 9	dense	on	https://public.gi.ucsc.edu/~hloucks/CenSat/primate/primateCenSatpaper/mGorGor1.matpat.v2.cenSatv1.0.bb	2	https://public.gi.ucsc.edu/~fryabov/ucsc_browser_hubs/hub_t2t-primates_censat/html_descriptions/description_censat.html		(Hailey)	TRUE	TRUE		mGorGor1
censat	CenSat	Centromeric Satellite annotations	Variation and Repeats	bigBed 9	dense	on	https://public.gi.ucsc.edu/~hloucks/CenSat/primate/primateCenSatpaper/mPanPan1.matpat.v1.cenSatv1.0.bb	2	https://public.gi.ucsc.edu/~fryabov/ucsc_browser_hubs/hub_t2t-primates_censat/html_descriptions/description_censat.html		(Hailey)	TRUE	TRUE		mPanPan1
censat	CenSat	Centromeric Satellite annotations	Variation and Repeats	bigBed 9	dense	on	https://public.gi.ucsc.edu/~hloucks/CenSat/primate/primateCenSatpaper/mPanTro3.hap1hap2.v1.cenSatv1.0.bb	2	https://public.gi.ucsc.edu/~fryabov/ucsc_browser_hubs/hub_t2t-primates_censat/html_descriptions/description_censat.html		(Hailey)	TRUE	TRUE		mPanTro3
censat	CenSat	Centromeric Satellite annotations	Variation and Repeats	bigBed 9	dense	on	https://public.gi.ucsc.edu/~hloucks/CenSat/primate/primateCenSatpaper/mPonAbe1.hap1hap2.v3.cenSatv1.0.bb	2	https://public.gi.ucsc.edu/~fryabov/ucsc_browser_hubs/hub_t2t-primates_censat/html_descriptions/description_censat.html		(Hailey)	TRUE	TRUE		mPonAbe1
censat	CenSat	Centromeric Satellite annotations	Variation and Repeats	bigBed 9	dense	on	https://public.gi.ucsc.edu/~hloucks/CenSat/primate/primateCenSatpaper/mPonPyg2.hap1hap2.v3.cenSatv1.0.bb	2	https://public.gi.ucsc.edu/~fryabov/ucsc_browser_hubs/hub_t2t-primates_censat/html_descriptions/description_censat.html		(Hailey)	TRUE	TRUE		mPonPyg2
censat_strand	CenSat strand	Centromeric Satellite strand annotations	Variation and Repeats	bigBed 9	dense	on	https://public.gi.ucsc.edu/~hloucks/CenSat/primate/primateCenSatpaper/mGorGor1.matpat.v2.cenSatStrandv1.0.bb	3	https://public.gi.ucsc.edu/~fryabov/ucsc_browser_hubs/hub_t2t-primates_censat/html_descriptions/description_censat_strand.html		(Hailey)	TRUE	TRUE		mGorGor1
censat_strand	CenSat strand	Centromeric Satellite strand annotations	Variation and Repeats	bigBed 9	dense	on	https://public.gi.ucsc.edu/~hloucks/CenSat/primate/primateCenSatpaper/mPanPan1.matpat.v1.cenSatStrandv1.0.bb	3	https://public.gi.ucsc.edu/~fryabov/ucsc_browser_hubs/hub_t2t-primates_censat/html_descriptions/description_censat_strand.html		(Hailey)	TRUE	TRUE		mPanPan1
censat_strand	CenSat strand	Centromeric Satellite strand annotations	Variation and Repeats	bigBed 9	dense	on	https://public.gi.ucsc.edu/~hloucks/CenSat/primate/primateCenSatpaper/mPanTro3.hap1hap2.v1.cenSatStrandv1.0.bb	3	https://public.gi.ucsc.edu/~fryabov/ucsc_browser_hubs/hub_t2t-primates_censat/html_descriptions/description_censat_strand.html		(Hailey)	TRUE	TRUE		mPanTro3
censat_strand	CenSat strand	Centromeric Satellite strand annotations	Variation and Repeats	bigBed 9	dense	on	https://public.gi.ucsc.edu/~hloucks/CenSat/primate/primateCenSatpaper/mPonAbe1.hap1hap2.v3.cenSatStrandv1.0.bb	3	https://public.gi.ucsc.edu/~fryabov/ucsc_browser_hubs/hub_t2t-primates_censat/html_descriptions/description_censat_strand.html		(Hailey)	TRUE	TRUE		mPonAbe1
censat_strand	CenSat strand	Centromeric Satellite strand annotations	Variation and Repeats	bigBed 9	dense	on	https://public.gi.ucsc.edu/~hloucks/CenSat/primate/primateCenSatpaper/mPonPyg2.hap1hap2.v3.cenSatStrandv1.0.bb	3	https://public.gi.ucsc.edu/~fryabov/ucsc_browser_hubs/hub_t2t-primates_censat/html_descriptions/description_censat_strand.html		(Hailey)	TRUE	TRUE		mPonPyg2
asat_hor	ASat HORs	ASat HORs	Variation and Repeats	bigBed 9	dense	on	https://public.gi.ucsc.edu/~fryabov/ucsc_browser_hubs/hub_t2t-primates_censat/bb/hor/mPanPan1.matpat.v1-vs-PanTro_HORs.150126_2.remisct.coords.sorted.header.bb	7	https://public.gi.ucsc.edu/~fryabov/ucsc_browser_hubs/hub_t2t-primates_censat/html_descriptions/description_hor.html		(Ivan/Lev)	TRUE	TRUE	No Gorilla	mPanPan1
asat_hor	ASat HORs	ASat HORs	Variation and Repeats	bigBed 9	dense	on	https://public.gi.ucsc.edu/~fryabov/ucsc_browser_hubs/hub_t2t-primates_censat/bb/hor/mPanTro3.hap1hap2.v1-vs-PanTro_HORs.150126_2.remisct.coords.sorted.header.bb	7	https://public.gi.ucsc.edu/~fryabov/ucsc_browser_hubs/hub_t2t-primates_censat/html_descriptions/description_hor.html		(Ivan/Lev)	TRUE	TRUE	No Gorilla	mPanTro3
asat_hor	ASat HORs	ASat HORs	Variation and Repeats	bigBed 9	dense	on	https://public.gi.ucsc.edu/~fryabov/ucsc_browser_hubs/hub_t2t-primates_censat/bb/hor/mPonAbe1.hap1hap2.v3-vs-PonAbe_HORs.190126.remisct.coords.sorted.header.bb	7	https://public.gi.ucsc.edu/~fryabov/ucsc_browser_hubs/hub_t2t-primates_censat/html_descriptions/description_hor.html		(Ivan/Lev)	TRUE	TRUE	No Gorilla	mPonAbe1
asat_hor	ASat HORs	ASat HORs	Variation and Repeats	bigBed 9	dense	on	https://public.gi.ucsc.edu/~fryabov/ucsc_browser_hubs/hub_t2t-primates_censat/bb/hor/mPonPyg2.hap1hap2.v3-vs-PonAbe_HORs.190126.remisct.coords.sorted.header.bb	7	https://public.gi.ucsc.edu/~fryabov/ucsc_browser_hubs/hub_t2t-primates_censat/html_descriptions/description_hor.html		(Ivan/Lev)	TRUE	TRUE	No Gorilla	mPonPyg2
asat_hor_CENdetectHOR	CENdetectHOR	ASat HORs detected with CENdetectHOR	Variation and Repeats	bigBed 9	dense	on	https://public.gi.ucsc.edu/~fryabov/ucsc_browser_hubs/hub_t2t-primates_censat/bb/asat_hor_CENdetectHOR/mGorGor_repaired_HORs_NOshades.bb	8	https://public.gi.ucsc.edu/~fryabov/ucsc_browser_hubs/hub_t2t-primates_censat/html_descriptions/description_HORtrack_regular.html	https://eichlerlab.gs.washington.edu/help/glogsdon/t2t_primates/frozen_repaired_assemblies_a-satellite_HOR_annotation/alessia_daponte_CENdetectHOR/HORtrack_regular_html_description.txt	(Alessia)	TRUE	TRUE		mGorGor1
asat_hor_CENdetectHOR	CENdetectHOR	ASat HORs detected with CENdetectHOR	Variation and Repeats	bigBed 9	dense	on	https://public.gi.ucsc.edu/~fryabov/ucsc_browser_hubs/hub_t2t-primates_censat/bb/asat_hor_CENdetectHOR/mPanPan_repaired_HORs_NOshades.bb	8	https://public.gi.ucsc.edu/~fryabov/ucsc_browser_hubs/hub_t2t-primates_censat/html_descriptions/description_HORtrack_regular.html	https://eichlerlab.gs.washington.edu/help/glogsdon/t2t_primates/frozen_repaired_assemblies_a-satellite_HOR_annotation/alessia_daponte_CENdetectHOR/HORtrack_regular_html_description.txt	(Alessia)	TRUE	TRUE		mPanPan1
asat_hor_CENdetectHOR	CENdetectHOR	ASat HORs detected with CENdetectHOR	Variation and Repeats	bigBed 9	dense	on	https://public.gi.ucsc.edu/~fryabov/ucsc_browser_hubs/hub_t2t-primates_censat/bb/asat_hor_CENdetectHOR/mPanTro_repaired_HORs_NOshades.bb	8	https://public.gi.ucsc.edu/~fryabov/ucsc_browser_hubs/hub_t2t-primates_censat/html_descriptions/description_HORtrack_regular.html	https://eichlerlab.gs.washington.edu/help/glogsdon/t2t_primates/frozen_repaired_assemblies_a-satellite_HOR_annotation/alessia_daponte_CENdetectHOR/HORtrack_regular_html_description.txt	(Alessia)	TRUE	TRUE		mPanTro3
asat_hor_CENdetectHOR	CENdetectHOR	ASat HORs detected with CENdetectHOR	Variation and Repeats	bigBed 9	dense	on	https://public.gi.ucsc.edu/~fryabov/ucsc_browser_hubs/hub_t2t-primates_censat/bb/asat_hor_CENdetectHOR/mPonAbe_repaired_HORs_NOshades.bb	8	https://public.gi.ucsc.edu/~fryabov/ucsc_browser_hubs/hub_t2t-primates_censat/html_descriptions/description_HORtrack_regular.html	https://eichlerlab.gs.washington.edu/help/glogsdon/t2t_primates/frozen_repaired_assemblies_a-satellite_HOR_annotation/alessia_daponte_CENdetectHOR/HORtrack_regular_html_description.txt	(Alessia)	TRUE	TRUE		mPonAbe1
asat_hor_CENdetectHOR	CENdetectHOR	ASat HORs detected with CENdetectHOR	Variation and Repeats	bigBed 9	dense	on	https://public.gi.ucsc.edu/~fryabov/ucsc_browser_hubs/hub_t2t-primates_censat/bb/asat_hor_CENdetectHOR/mPonPyg_repaired_HORs_NOshades.bb	8	https://public.gi.ucsc.edu/~fryabov/ucsc_browser_hubs/hub_t2t-primates_censat/html_descriptions/description_HORtrack_regular.html	https://eichlerlab.gs.washington.edu/help/glogsdon/t2t_primates/frozen_repaired_assemblies_a-satellite_HOR_annotation/alessia_daponte_CENdetectHOR/HORtrack_regular_html_description.txt	(Alessia)	TRUE	TRUE		mPonPyg2
sd	SegDup	SEDEF Segmental Duplications	Variation and Repeats	bigBed 9+35	dense	on	https://public.gi.ucsc.edu/~fryabov/ucsc_browser_hubs/hub_t2t-primates_censat/bb/sd/mGorGor1_WG_SD.bb	11	https://public.gi.ucsc.edu/~fryabov/ucsc_browser_hubs/hub_t2t-primates_censat/html_descriptions/description_sd.html		(Shenghan/Alessia)	TRUE	TRUE		mGorGor1
sd	SegDup	SEDEF Segmental Duplications	Variation and Repeats	bigBed 9+35	dense	on	https://public.gi.ucsc.edu/~fryabov/ucsc_browser_hubs/hub_t2t-primates_censat/bb/sd/mPanPan1_WG_SD.bb	11	https://public.gi.ucsc.edu/~fryabov/ucsc_browser_hubs/hub_t2t-primates_censat/html_descriptions/description_sd.html		(Shenghan/Alessia)	TRUE	TRUE		mPanPan1
sd	SegDup	SEDEF Segmental Duplications	Variation and Repeats	bigBed 9+35	dense	on	https://public.gi.ucsc.edu/~fryabov/ucsc_browser_hubs/hub_t2t-primates_censat/bb/sd/mPanTro3_WG_SD.bb	11	https://public.gi.ucsc.edu/~fryabov/ucsc_browser_hubs/hub_t2t-primates_censat/html_descriptions/description_sd.html		(Shenghan/Alessia)	TRUE	TRUE		mPanTro3
sd	SegDup	SEDEF Segmental Duplications	Variation and Repeats	bigBed 9+35	dense	on	https://public.gi.ucsc.edu/~fryabov/ucsc_browser_hubs/hub_t2t-primates_censat/bb/sd/mPonAbe1_WG_SD.bb	11	https://public.gi.ucsc.edu/~fryabov/ucsc_browser_hubs/hub_t2t-primates_censat/html_descriptions/description_sd.html		(Shenghan/Alessia)	TRUE	TRUE		mPonAbe1
sd	SegDup	SEDEF Segmental Duplications	Variation and Repeats	bigBed 9+35	dense	on	https://public.gi.ucsc.edu/~fryabov/ucsc_browser_hubs/hub_t2t-primates_censat/bb/sd/mPonPyg2_WG_SD.bb	11	https://public.gi.ucsc.edu/~fryabov/ucsc_browser_hubs/hub_t2t-primates_censat/html_descriptions/description_sd.html		(Shenghan/Alessia)	TRUE	TRUE		mPonPyg2
ont5mc	ONT5mC	ONT5mCMethylation	Methylation	bigWig	dense	on	https://eichlerlab.gs.washington.edu/help/glogsdon/t2t_primates/frozen_repaired_assemblies_ont_methylation/mGorGor1_ont2patchedv2.bw	12	https://public.gi.ucsc.edu/~fryabov/ucsc_browser_hubs/hub_t2t-primates_censat/html_descriptions/description_ont5mc.html	https://eichlerlab.gs.washington.edu/help/glogsdon/t2t_primates/frozen_repaired_assemblies_ont_methylation/html_description_ont_methylation.txt	(Glennis)	TRUE	TRUE		mGorGor1
ont5mc	ONT5mC	ONT5mCMethylation	Methylation	bigWig	dense	on	https://eichlerlab.gs.washington.edu/help/glogsdon/t2t_primates/frozen_repaired_assemblies_ont_methylation/mPanPan1_ont2patchedv1.bw	12	https://public.gi.ucsc.edu/~fryabov/ucsc_browser_hubs/hub_t2t-primates_censat/html_descriptions/description_ont5mc.html	https://eichlerlab.gs.washington.edu/help/glogsdon/t2t_primates/frozen_repaired_assemblies_ont_methylation/html_description_ont_methylation.txt	(Glennis)	TRUE	TRUE		mPanPan1
ont5mc	ONT5mC	ONT5mCMethylation	Methylation	bigWig	dense	on	https://eichlerlab.gs.washington.edu/help/glogsdon/t2t_primates/frozen_repaired_assemblies_ont_methylation/mPanTro3_ont2patchedv1.bw	12	https://public.gi.ucsc.edu/~fryabov/ucsc_browser_hubs/hub_t2t-primates_censat/html_descriptions/description_ont5mc.html	https://eichlerlab.gs.washington.edu/help/glogsdon/t2t_primates/frozen_repaired_assemblies_ont_methylation/html_description_ont_methylation.txt	(Glennis)	TRUE	TRUE		mPanTro3
ont5mc	ONT5mC	ONT5mCMethylation	Methylation	bigWig	dense	on	https://eichlerlab.gs.washington.edu/help/glogsdon/t2t_primates/frozen_repaired_assemblies_ont_methylation/mPonAbe1_ont2patchedv3.bw	12	https://public.gi.ucsc.edu/~fryabov/ucsc_browser_hubs/hub_t2t-primates_censat/html_descriptions/description_ont5mc.html	https://eichlerlab.gs.washington.edu/help/glogsdon/t2t_primates/frozen_repaired_assemblies_ont_methylation/html_description_ont_methylation.txt	(Glennis)	TRUE	TRUE		mPonAbe1
ont5mc	ONT5mC	ONT5mCMethylation	Methylation	bigWig	dense	on	https://eichlerlab.gs.washington.edu/help/glogsdon/t2t_primates/frozen_repaired_assemblies_ont_methylation/mPonPyg2_ont2patchedv3.bw	12	https://public.gi.ucsc.edu/~fryabov/ucsc_browser_hubs/hub_t2t-primates_censat/html_descriptions/description_ont5mc.html	https://eichlerlab.gs.washington.edu/help/glogsdon/t2t_primates/frozen_repaired_assemblies_ont_methylation/html_description_ont_methylation.txt	(Glennis)	TRUE	TRUE		mPonPyg2
cdr	CDRs	Centromere dip regions (CDRs)	Methylation	bigBed 9	dense	on	https://public.gi.ucsc.edu/~fryabov/ucsc_browser_hubs/hub_t2t-primates_censat/bb/cdr/mGorGor1_CDR_v1.6.bb	13	https://public.gi.ucsc.edu/~fryabov/ucsc_browser_hubs/hub_t2t-primates_censat/html_descriptions/description_cdr.html	https://eichlerlab.gs.washington.edu/help/glogsdon/t2t_primates/frozen_repaired_assemblies_cdr-finder/v1.2/html_description_cdrfinder.txt	(Keith)	TRUE	TRUE	Updated to v1.2 on 4/15/25	mGorGor1
cdr	CDRs	Centromere dip regions (CDRs)	Methylation	bigBed 9	dense	on	https://public.gi.ucsc.edu/~fryabov/ucsc_browser_hubs/hub_t2t-primates_censat/bb/cdr/mPanPan1_CDR_v1.6.bb	13	https://public.gi.ucsc.edu/~fryabov/ucsc_browser_hubs/hub_t2t-primates_censat/html_descriptions/description_cdr.html	https://eichlerlab.gs.washington.edu/help/glogsdon/t2t_primates/frozen_repaired_assemblies_cdr-finder/v1.2/html_description_cdrfinder.txt	(Keith)	TRUE	TRUE	Updated to v1.2 on 4/15/25	mPanPan1
cdr	CDRs	Centromere dip regions (CDRs)	Methylation	bigBed 9	dense	on	https://public.gi.ucsc.edu/~fryabov/ucsc_browser_hubs/hub_t2t-primates_censat/bb/cdr/mPanTro3_CDR_v1.6.bb	13	https://public.gi.ucsc.edu/~fryabov/ucsc_browser_hubs/hub_t2t-primates_censat/html_descriptions/description_cdr.html	https://eichlerlab.gs.washington.edu/help/glogsdon/t2t_primates/frozen_repaired_assemblies_cdr-finder/v1.2/html_description_cdrfinder.txt	(Keith)	TRUE	TRUE	Updated to v1.2 on 4/15/25	mPanTro3
cdr	CDRs	Centromere dip regions (CDRs)	Methylation	bigBed 9	dense	on	https://public.gi.ucsc.edu/~fryabov/ucsc_browser_hubs/hub_t2t-primates_censat/bb/cdr/mPonAbe1_CDR_v1.6.bb	13	https://public.gi.ucsc.edu/~fryabov/ucsc_browser_hubs/hub_t2t-primates_censat/html_descriptions/description_cdr.html	https://eichlerlab.gs.washington.edu/help/glogsdon/t2t_primates/frozen_repaired_assemblies_cdr-finder/v1.2/html_description_cdrfinder.txt	(Keith)	TRUE	TRUE	Updated to v1.2 on 4/15/25	mPonAbe1
cdr	CDRs	Centromere dip regions (CDRs)	Methylation	bigBed 9	dense	on	https://public.gi.ucsc.edu/~fryabov/ucsc_browser_hubs/hub_t2t-primates_censat/bb/cdr/mPonPyg2_CDR_v1.6.bb	13	https://public.gi.ucsc.edu/~fryabov/ucsc_browser_hubs/hub_t2t-primates_censat/html_descriptions/description_cdr.html	https://eichlerlab.gs.washington.edu/help/glogsdon/t2t_primates/frozen_repaired_assemblies_cdr-finder/v1.2/html_description_cdrfinder.txt	(Keith)	TRUE	TRUE	Updated to v1.2 on 4/15/25	mPonPyg2
cenpa_cr_5kb	CENP-A CUT&RUN 5 kbp	CENP-A CUT&RUN 5 kbp	CENP-A	bigWig	dense	on	https://eichlerlab.gs.washington.edu/help/glogsdon/t2t_primates/frozen_repaired_assemblies_cenp-a_cutnrun/mGorGor1_CAvsIgG.mGorGor1_matpat_v2.readcount.ratio.5kbp.minQ1.bw	15	https://public.gi.ucsc.edu/~fryabov/ucsc_browser_hubs/hub_t2t-primates_censat/html_descriptions/description_cenpa_cr_5bp.html	https://eichlerlab.gs.washington.edu/help/glogsdon/t2t_primates/frozen_repaired_assemblies_cenp-a_cutnrun/html_description_cenp-a_cutnrun_5kbp.txt	(Glennis)	TRUE	TRUE		mGorGor1
cenpa_cr_5kb	CENP-A CUT&RUN 5 kbp	CENP-A CUT&RUN 5 kbp	CENP-A	bigWig	dense	on	https://eichlerlab.gs.washington.edu/help/glogsdon/t2t_primates/frozen_repaired_assemblies_cenp-a_cutnrun/mPanPan1_CAvsIgG.mPanPan1_matpat_v1.readcount.ratio.5kbp.minQ1.bw	15	https://public.gi.ucsc.edu/~fryabov/ucsc_browser_hubs/hub_t2t-primates_censat/html_descriptions/description_cenpa_cr_5bp.html	https://eichlerlab.gs.washington.edu/help/glogsdon/t2t_primates/frozen_repaired_assemblies_cenp-a_cutnrun/html_description_cenp-a_cutnrun_5kbp.txt	(Glennis)	TRUE	TRUE		mPanPan1
cenpa_cr_5kb	CENP-A CUT&RUN 5 kbp	CENP-A CUT&RUN 5 kbp	CENP-A	bigWig	dense	on	https://eichlerlab.gs.washington.edu/help/glogsdon/t2t_primates/frozen_repaired_assemblies_cenp-a_cutnrun/mPanTro3_CAvsIgG.mPanTro3_hap1hap2_v1.readcount.ratio.5kbp.minQ1.bw	15	https://public.gi.ucsc.edu/~fryabov/ucsc_browser_hubs/hub_t2t-primates_censat/html_descriptions/description_cenpa_cr_5bp.html	https://eichlerlab.gs.washington.edu/help/glogsdon/t2t_primates/frozen_repaired_assemblies_cenp-a_cutnrun/html_description_cenp-a_cutnrun_5kbp.txt	(Glennis)	TRUE	TRUE		mPanTro3
cenpa_cr_5kb	CENP-A CUT&RUN 5 kbp	CENP-A CUT&RUN 5 kbp	CENP-A	bigWig	dense	on	https://eichlerlab.gs.washington.edu/help/glogsdon/t2t_primates/frozen_repaired_assemblies_cenp-a_cutnrun/mPonAbe1_CAvsIgG.mPonAbe1_hap1hap2_v3.readcount.ratio.5kbp.minQ1.bw	15	https://public.gi.ucsc.edu/~fryabov/ucsc_browser_hubs/hub_t2t-primates_censat/html_descriptions/description_cenpa_cr_5bp.html	https://eichlerlab.gs.washington.edu/help/glogsdon/t2t_primates/frozen_repaired_assemblies_cenp-a_cutnrun/html_description_cenp-a_cutnrun_5kbp.txt	(Glennis)	TRUE	TRUE		mPonAbe1
cenpa_cr_5kb	CENP-A CUT&RUN 5 kbp	CENP-A CUT&RUN 5 kbp	CENP-A	bigWig	dense	on	https://eichlerlab.gs.washington.edu/help/glogsdon/t2t_primates/frozen_repaired_assemblies_cenp-a_cutnrun/mPonPyg2_CAvsIgG.mPonPyg2_hap1hap2_v3.readcount.ratio.5kbp.minQ1.bw	15	https://public.gi.ucsc.edu/~fryabov/ucsc_browser_hubs/hub_t2t-primates_censat/html_descriptions/description_cenpa_cr_5bp.html	https://eichlerlab.gs.washington.edu/help/glogsdon/t2t_primates/frozen_repaired_assemblies_cenp-a_cutnrun/html_description_cenp-a_cutnrun_5kbp.txt	(Glennis)	TRUE	TRUE		mPonPyg2
cenpa_dimelo	CENP-A DiMeLo-seq	CENP-A DiMeLo-seq	CENP-A	bigWig	dense	on	https://eichlerlab.gs.washington.edu/help/glogsdon/t2t_primates/frozen_repaired_assemblies_cenp-a_dimelo/mGorGor1_CENP-A_noAb_dimelo2matpat_v2.0.8.subtract.bw	16	https://public.gi.ucsc.edu/~fryabov/ucsc_browser_hubs/hub_t2t-primates_censat/html_descriptions/description_cenpa_dimelo.html	https://eichlerlab.gs.washington.edu/help/glogsdon/t2t_primates/frozen_repaired_assemblies_cenp-a_dimelo/html_description_cenp-a_dimelo-seq.txt	(Glennis)	TRUE	TRUE		mGorGor1
cenpa_dimelo	CENP-A DiMeLo-seq	CENP-A DiMeLo-seq	CENP-A	bigWig	dense	on	https://eichlerlab.gs.washington.edu/help/glogsdon/t2t_primates/frozen_repaired_assemblies_cenp-a_dimelo/mPanPan1_CENP-A_noAb_dimelo2matpat_v1.0.8.subtract.bw	16	https://public.gi.ucsc.edu/~fryabov/ucsc_browser_hubs/hub_t2t-primates_censat/html_descriptions/description_cenpa_dimelo.html	https://eichlerlab.gs.washington.edu/help/glogsdon/t2t_primates/frozen_repaired_assemblies_cenp-a_dimelo/html_description_cenp-a_dimelo-seq.txt	(Glennis)	TRUE	TRUE		mPanPan1
cenpa_dimelo	CENP-A DiMeLo-seq	CENP-A DiMeLo-seq	CENP-A	bigWig	dense	on	https://eichlerlab.gs.washington.edu/help/glogsdon/t2t_primates/frozen_repaired_assemblies_cenp-a_dimelo/mPanTro3_CENP-A_noAb_dimelo2hap1hap2_v1.0.8.subtract.bw	16	https://public.gi.ucsc.edu/~fryabov/ucsc_browser_hubs/hub_t2t-primates_censat/html_descriptions/description_cenpa_dimelo.html	https://eichlerlab.gs.washington.edu/help/glogsdon/t2t_primates/frozen_repaired_assemblies_cenp-a_dimelo/html_description_cenp-a_dimelo-seq.txt	(Glennis)	TRUE	TRUE		mPanTro3
cenpa_dimelo	CENP-A DiMeLo-seq	CENP-A DiMeLo-seq	CENP-A	bigWig	dense	on	https://eichlerlab.gs.washington.edu/help/glogsdon/t2t_primates/frozen_repaired_assemblies_cenp-a_dimelo/mPonAbe1_CENP-A_noAb_dimelo2hap1hap2_v3.0.8.subtract.bw	16	https://public.gi.ucsc.edu/~fryabov/ucsc_browser_hubs/hub_t2t-primates_censat/html_descriptions/description_cenpa_dimelo.html	https://eichlerlab.gs.washington.edu/help/glogsdon/t2t_primates/frozen_repaired_assemblies_cenp-a_dimelo/html_description_cenp-a_dimelo-seq.txt	(Glennis)	TRUE	TRUE		mPonAbe1
cenpa_dimelo	CENP-A DiMeLo-seq	CENP-A DiMeLo-seq	CENP-A	bigWig	dense	on	https://eichlerlab.gs.washington.edu/help/glogsdon/t2t_primates/frozen_repaired_assemblies_cenp-a_dimelo/mPonPyg2_CENP-A_noAb_dimelo2hap1hap2_v3.0.8.subtract.bw	16	https://public.gi.ucsc.edu/~fryabov/ucsc_browser_hubs/hub_t2t-primates_censat/html_descriptions/description_cenpa_dimelo.html	https://eichlerlab.gs.washington.edu/help/glogsdon/t2t_primates/frozen_repaired_assemblies_cenp-a_dimelo/html_description_cenp-a_dimelo-seq.txt	(Glennis)	TRUE	TRUE		mPonPyg2
sequence_identity	Local sequence identity (%)	Sequence identity (%) of 25 kbp region	Variation and Repeats	bigBed 9	dense	on	https://eichlerlab.gs.washington.edu/help/glogsdon/t2t_primates/frozen_repaired_assemblies_sequence_identity/mGorGor1.matpat.v2.1d_moddotplot.9.bb	18	https://public.gi.ucsc.edu/~fryabov/ucsc_browser_hubs/hub_t2t-primates_censat/html_descriptions/description_sequence_identity.html	https://eichlerlab.gs.washington.edu/help/glogsdon/t2t_primates/frozen_repaired_assemblies_sequence_identity/html_description_sequence_identity.txt	(Shenghan)	TRUE	TRUE		mGorGor1
sequence_identity	Local sequence identity (%)	Sequence identity (%) of 25 kbp region	Variation and Repeats	bigBed 9	dense	on	https://eichlerlab.gs.washington.edu/help/glogsdon/t2t_primates/frozen_repaired_assemblies_sequence_identity/mPanPan1.matpat.v1.1d_moddotplot.9.bb	18	https://public.gi.ucsc.edu/~fryabov/ucsc_browser_hubs/hub_t2t-primates_censat/html_descriptions/description_sequence_identity.html	https://eichlerlab.gs.washington.edu/help/glogsdon/t2t_primates/frozen_repaired_assemblies_sequence_identity/html_description_sequence_identity.txt	(Shenghan)	TRUE	TRUE		mPanPan1
sequence_identity	Local sequence identity (%)	Sequence identity (%) of 25 kbp region	Variation and Repeats	bigBed 9	dense	on	https://eichlerlab.gs.washington.edu/help/glogsdon/t2t_primates/frozen_repaired_assemblies_sequence_identity/mPanTro3.hap1hap2.v1.1d_moddotplot.9.bb	18	https://public.gi.ucsc.edu/~fryabov/ucsc_browser_hubs/hub_t2t-primates_censat/html_descriptions/description_sequence_identity.html	https://eichlerlab.gs.washington.edu/help/glogsdon/t2t_primates/frozen_repaired_assemblies_sequence_identity/html_description_sequence_identity.txt	(Shenghan)	TRUE	TRUE		mPanTro3
sequence_identity	Local sequence identity (%)	Sequence identity (%) of 25 kbp region	Variation and Repeats	bigBed 9	dense	on	https://eichlerlab.gs.washington.edu/help/glogsdon/t2t_primates/frozen_repaired_assemblies_sequence_identity/mPonAbe1.hap1hap2.v3.1d_moddotplot.9.bb	18	https://public.gi.ucsc.edu/~fryabov/ucsc_browser_hubs/hub_t2t-primates_censat/html_descriptions/description_sequence_identity.html	https://eichlerlab.gs.washington.edu/help/glogsdon/t2t_primates/frozen_repaired_assemblies_sequence_identity/html_description_sequence_identity.txt	(Shenghan)	TRUE	TRUE		mPonAbe1
sequence_identity	Local sequence identity (%)	Sequence identity (%) of 25 kbp region	Variation and Repeats	bigBed 9	dense	on	https://eichlerlab.gs.washington.edu/help/glogsdon/t2t_primates/frozen_repaired_assemblies_sequence_identity/mPonPyg2.hap1hap2.v3.1d_moddotplot.9.bb	18	https://public.gi.ucsc.edu/~fryabov/ucsc_browser_hubs/hub_t2t-primates_censat/html_descriptions/description_sequence_identity.html	https://eichlerlab.gs.washington.edu/help/glogsdon/t2t_primates/frozen_repaired_assemblies_sequence_identity/html_description_sequence_identity.txt	(Shenghan)	TRUE	TRUE		mPonPyg2
