track	shortLabel	longLabel	group	type	visibility	itemRgb	bigDataUrl	priority	html	txt description	who	file received	on-hub	comment
repeatmasker	RepeatMasker	RepeatMasker	Variation and Repeats	bigBed 9	hide	on	https://public.gi.ucsc.edu/~fryabov/ucsc_browser_hubs/hub_t2t-primates_censat/bb/repeatmasker/mGorGor1.matpat.v2.repeatmasker.bb https://public.gi.ucsc.edu/~fryabov/ucsc_browser_hubs/hub_t2t-primates_censat/bb/repeatmasker/mPanPan1.matpat.v1.repeatmasker.bb https://public.gi.ucsc.edu/~fryabov/ucsc_browser_hubs/hub_t2t-primates_censat/bb/repeatmasker/mPanTro3.hap1hap2.v1.repeatmasker.bb https://public.gi.ucsc.edu/~fryabov/ucsc_browser_hubs/hub_t2t-primates_censat/bb/repeatmasker/mPonAbe1.hap1hap2.v3.repeatmasker.bb https://public.gi.ucsc.edu/~fryabov/ucsc_browser_hubs/hub_t2t-primates_censat/bb/repeatmasker/mPonPyg2.hap1hap2.v3.repeatmasker.bb	1	https://public.gi.ucsc.edu/~fryabov/ucsc_browser_hubs/hub_t2t-primates_censat/html_descriptions/description_repeatmasker.html	https://eichlerlab.gs.washington.edu/help/glogsdon/t2t_primates/frozen_repaired_assemblies_repeatmasker/whole_genome/html_description_repeatmasker.txt	(Jessica/Fedor)	TRUE	TRUE
censat	CenSat	Centromeric Satellite annotations	Variation and Repeats	bigBed 9	dense	on	https://public.gi.ucsc.edu/~hloucks/CenSat/primate/primateCenSatpaper/mGorGor1.matpat.v2.cenSatv1.0.bb https://public.gi.ucsc.edu/~hloucks/CenSat/primate/primateCenSatpaper/mPanPan1.matpat.v1.cenSatv1.0.bb https://public.gi.ucsc.edu/~hloucks/CenSat/primate/primateCenSatpaper/mPanTro3.hap1hap2.v1.cenSatv1.0.bb https://public.gi.ucsc.edu/~hloucks/CenSat/primate/primateCenSatpaper/mPonAbe1.hap1hap2.v3.cenSatv1.0.bb https://public.gi.ucsc.edu/~hloucks/CenSat/primate/primateCenSatpaper/mPonPyg2.hap1hap2.v3.cenSatv1.0.bb	2	https://public.gi.ucsc.edu/~fryabov/ucsc_browser_hubs/hub_t2t-primates_censat/html_descriptions/description_censat.html		(Hailey)	TRUE	TRUE
censat_strand	CenSat strand	Centromeric Satellite strand annotations	Variation and Repeats	bigBed 9	dense	on	https://public.gi.ucsc.edu/~hloucks/CenSat/primate/primateCenSatpaper/mGorGor1.matpat.v2.cenSatStrandv1.0.bb https://public.gi.ucsc.edu/~hloucks/CenSat/primate/primateCenSatpaper/mPanPan1.matpat.v1.cenSatStrandv1.0.bb https://public.gi.ucsc.edu/~hloucks/CenSat/primate/primateCenSatpaper/mPanTro3.hap1hap2.v1.cenSatStrandv1.0.bb https://public.gi.ucsc.edu/~hloucks/CenSat/primate/primateCenSatpaper/mPonAbe1.hap1hap2.v3.cenSatStrandv1.0.bb https://public.gi.ucsc.edu/~hloucks/CenSat/primate/primateCenSatpaper/mPonPyg2.hap1hap2.v3.cenSatStrandv1.0.bb	3	https://public.gi.ucsc.edu/~fryabov/ucsc_browser_hubs/hub_t2t-primates_censat/html_descriptions/description_censat_strand.html		(Hailey)	TRUE	TRUE
asat_sf	ASat SF	Annotation of ASat monomers into SF-classes	Variation and Repeats	bigBed 9	hide	on	https://public.gi.ucsc.edu/~fryabov/ucsc_browser_hubs/hub_t2t-primates_censat/bb/sf/mGorGor1.matpat.v2.sf.bb https://public.gi.ucsc.edu/~fryabov/ucsc_browser_hubs/hub_t2t-primates_censat/bb/sf/mPanPan1.matpat.v1.sf.bb https://public.gi.ucsc.edu/~fryabov/ucsc_browser_hubs/hub_t2t-primates_censat/bb/sf/mPanTro3.hap1hap2.v1.sf.bb https://public.gi.ucsc.edu/~fryabov/ucsc_browser_hubs/hub_t2t-primates_censat/bb/sf/mPonAbe1.hap1hap2.v3.sf.bb https://public.gi.ucsc.edu/~fryabov/ucsc_browser_hubs/hub_t2t-primates_censat/bb/sf/mPonPyg2.hap1hap2.v3.sf.bb	5	https://public.gi.ucsc.edu/~fryabov/ucsc_browser_hubs/hub_t2t-primates_censat/html_descriptions/description_sf.html		(Fedor)	TRUE	TRUE	hide by default because there is censat_strand
asat_strand	ASat strand	Annotation of ASat strand orientation	Variation and Repeats	bigBed 9	dense	on	https://public.gi.ucsc.edu/~fryabov/ucsc_browser_hubs/hub_t2t-primates_censat/bb/strand/mGorGor1.matpat.v2.strand.bb https://public.gi.ucsc.edu/~fryabov/ucsc_browser_hubs/hub_t2t-primates_censat/bb/strand/mPanPan1.matpat.v1.strand.bb https://public.gi.ucsc.edu/~fryabov/ucsc_browser_hubs/hub_t2t-primates_censat/bb/strand/mPanTro3.hap1hap2.v1.strand.bb https://public.gi.ucsc.edu/~fryabov/ucsc_browser_hubs/hub_t2t-primates_censat/bb/strand/mPonAbe1.hap1hap2.v3.strand.bb https://public.gi.ucsc.edu/~fryabov/ucsc_browser_hubs/hub_t2t-primates_censat/bb/strand/mPonPyg2.hap1hap2.v3.strand.bb	6	https://public.gi.ucsc.edu/~fryabov/ucsc_browser_hubs/hub_t2t-primates_censat/html_descriptions/description_strand.html		(Fedor)	TRUE	TRUE
asat_hor	ASat HORs	ASat HORs	Variation and Repeats	bigBed 9	dense	on	https://public.gi.ucsc.edu/~fryabov/ucsc_browser_hubs/hub_t2t-primates_censat/bb/hor/mPanPan1.matpat.v1-vs-PanTro_HORs.150126_2.remisct.coords.sorted.header.bb https://public.gi.ucsc.edu/~fryabov/ucsc_browser_hubs/hub_t2t-primates_censat/bb/hor/mPanTro3.hap1hap2.v1-vs-PanTro_HORs.150126_2.remisct.coords.sorted.header.bb https://public.gi.ucsc.edu/~fryabov/ucsc_browser_hubs/hub_t2t-primates_censat/bb/hor/mPonAbe1.hap1hap2.v3-vs-PonAbe_HORs.190126.remisct.coords.sorted.header.bb https://public.gi.ucsc.edu/~fryabov/ucsc_browser_hubs/hub_t2t-primates_censat/bb/hor/mPonPyg2.hap1hap2.v3-vs-PonAbe_HORs.190126.remisct.coords.sorted.header.bb	7	https://public.gi.ucsc.edu/~fryabov/ucsc_browser_hubs/hub_t2t-primates_censat/html_descriptions/description_hor.html		(Ivan/Lev)	TRUE	TRUE	No Gorilla
asat_hor_CENdetectHOR	CENdetectHOR	ASat HORs detected with CENdetectHOR	Variation and Repeats	bigBed 9	dense	on	https://public.gi.ucsc.edu/~fryabov/ucsc_browser_hubs/hub_t2t-primates_censat/bb/asat_hor_CENdetectHOR/mGorGor_repaired_HORs_NOshades.bb https://public.gi.ucsc.edu/~fryabov/ucsc_browser_hubs/hub_t2t-primates_censat/bb/asat_hor_CENdetectHOR/mPanPan_repaired_HORs_NOshades.bb https://public.gi.ucsc.edu/~fryabov/ucsc_browser_hubs/hub_t2t-primates_censat/bb/asat_hor_CENdetectHOR/mPanTro_repaired_HORs_NOshades.bb https://public.gi.ucsc.edu/~fryabov/ucsc_browser_hubs/hub_t2t-primates_censat/bb/asat_hor_CENdetectHOR/mPonAbe_repaired_HORs_NOshades.bb https://public.gi.ucsc.edu/~fryabov/ucsc_browser_hubs/hub_t2t-primates_censat/bb/asat_hor_CENdetectHOR/mPonPyg_repaired_HORs_NOshades.bb	8	https://public.gi.ucsc.edu/~fryabov/ucsc_browser_hubs/hub_t2t-primates_censat/html_descriptions/description_HORtrack_regular.html	https://eichlerlab.gs.washington.edu/help/glogsdon/t2t_primates/frozen_repaired_assemblies_a-satellite_HOR_annotation/alessia_daponte_CENdetectHOR/HORtrack_regular_html_description.txt	(Alessia)	TRUE	TRUE
asat_hor_shades_CENdetectHOR	CENdetectHOR shades	ASat HOR shades detected with CENdetectHOR	Variation and Repeats	bigBed 9	dense	on	https://public.gi.ucsc.edu/~fryabov/ucsc_browser_hubs/hub_t2t-primates_censat/bb/asat_hor_shades_CENdetectHOR/mGorGor_repaired_HORs_shades.bb https://public.gi.ucsc.edu/~fryabov/ucsc_browser_hubs/hub_t2t-primates_censat/bb/asat_hor_shades_CENdetectHOR/mPanPan_repaired_HORs_shades.bb https://public.gi.ucsc.edu/~fryabov/ucsc_browser_hubs/hub_t2t-primates_censat/bb/asat_hor_shades_CENdetectHOR/mPanTro_repaired_HORs_shades.bb https://public.gi.ucsc.edu/~fryabov/ucsc_browser_hubs/hub_t2t-primates_censat/bb/asat_hor_shades_CENdetectHOR/mPonAbe_repaired_HORs_shades.bb https://public.gi.ucsc.edu/~fryabov/ucsc_browser_hubs/hub_t2t-primates_censat/bb/asat_hor_shades_CENdetectHOR/mPonPyg_repaired_HORs_shades.bb	9	https://public.gi.ucsc.edu/~fryabov/ucsc_browser_hubs/hub_t2t-primates_censat/html_descriptions/description_HORtrack_shaded.html	https://eichlerlab.gs.washington.edu/help/glogsdon/t2t_primates/frozen_repaired_assemblies_a-satellite_HOR_annotation/alessia_daponte_CENdetectHOR/bigbed/HORtrack_shaded_html_description.txt	(Alessia)	TRUE	TRUE
cenpb	CENP-B sites	CENP-B sites YTTCGTTGGAARCGGGA	Variation and Repeats	bigBed 9	dense	on	https://public.gi.ucsc.edu/~fryabov/ucsc_browser_hubs/hub_t2t-primates_censat/bb/cenpb/mGorGor1.matpat.v2.cenpb.bb https://public.gi.ucsc.edu/~fryabov/ucsc_browser_hubs/hub_t2t-primates_censat/bb/cenpb/mPanPan1.matpat.v1.cenpb.bb https://public.gi.ucsc.edu/~fryabov/ucsc_browser_hubs/hub_t2t-primates_censat/bb/cenpb/mPanTro3.hap1hap2.v1.cenpb.bb https://public.gi.ucsc.edu/~fryabov/ucsc_browser_hubs/hub_t2t-primates_censat/bb/cenpb/mPonAbe1.hap1hap2.v3.cenpb.bb https://public.gi.ucsc.edu/~fryabov/ucsc_browser_hubs/hub_t2t-primates_censat/bb/cenpb/mPonPyg2.hap1hap2.v3.cenpb.bb	10	https://public.gi.ucsc.edu/~fryabov/ucsc_browser_hubs/hub_t2t-primates_censat/html_descriptions/description_cenpb.html		(Fedor)	TRUE	TRUE
sd	SegDup	SEDEF Segmental Duplications	Variation and Repeats	bigBed 9+35	dense	on	https://public.gi.ucsc.edu/~fryabov/ucsc_browser_hubs/hub_t2t-primates_censat/bb/sd/mGorGor1_WG_SD.bb https://public.gi.ucsc.edu/~fryabov/ucsc_browser_hubs/hub_t2t-primates_censat/bb/sd/mPanPan1_WG_SD.bb https://public.gi.ucsc.edu/~fryabov/ucsc_browser_hubs/hub_t2t-primates_censat/bb/sd/mPanTro3_WG_SD.bb https://public.gi.ucsc.edu/~fryabov/ucsc_browser_hubs/hub_t2t-primates_censat/bb/sd/mPonAbe1_WG_SD.bb https://public.gi.ucsc.edu/~fryabov/ucsc_browser_hubs/hub_t2t-primates_censat/bb/sd/mPonPyg2_WG_SD.bb	11	https://public.gi.ucsc.edu/~fryabov/ucsc_browser_hubs/hub_t2t-primates_censat/html_descriptions/description_sd.html		(Shenghan/Alessia)	TRUE	TRUE
sd_biser_int	sd_biser_int	BISER interactions	Variation and Repeats	bigInteract	dense	on	https://public.gi.ucsc.edu/~fryabov/ucsc_browser_hubs/hub_t2t-primates_censat/bb/sd_biser/mGorGor1.matpat.v2.sm.BISERarc.bb https://public.gi.ucsc.edu/~fryabov/ucsc_browser_hubs/hub_t2t-primates_censat/bb/sd_biser/mPanPan1.matpat.v1.sm.BISERarc.bb https://public.gi.ucsc.edu/~fryabov/ucsc_browser_hubs/hub_t2t-primates_censat/bb/sd_biser/mPanTro3.hap1hap2.v1.sm.BISERarc.bb https://public.gi.ucsc.edu/~fryabov/ucsc_browser_hubs/hub_t2t-primates_censat/bb/sd_biser/mPonAbe1.hap1hap2.v3.sm.BISERarc.bb https://public.gi.ucsc.edu/~fryabov/ucsc_browser_hubs/hub_t2t-primates_censat/bb/sd_biser/mPonPyg2.hap1hap2.v3.sm.BISERarc.bb	11				TRUE	TRUE
sd_biser_ref	sd_biser_ref	BISER regions	Variation and Repeats	bigBed	dense	on	https://public.gi.ucsc.edu/~fryabov/ucsc_browser_hubs/hub_t2t-primates_censat/bb/sd_biser/mGorGor1.matpat.v2.sm.BISERregion.bb https://public.gi.ucsc.edu/~fryabov/ucsc_browser_hubs/hub_t2t-primates_censat/bb/sd_biser/mPanPan1.matpat.v1.sm.BISERregion.bb https://public.gi.ucsc.edu/~fryabov/ucsc_browser_hubs/hub_t2t-primates_censat/bb/sd_biser/mPanTro3.hap1hap2.v1.sm.BISERregion.bb https://public.gi.ucsc.edu/~fryabov/ucsc_browser_hubs/hub_t2t-primates_censat/bb/sd_biser/mPonAbe1.hap1hap2.v3.sm.BISERregion.bb https://public.gi.ucsc.edu/~fryabov/ucsc_browser_hubs/hub_t2t-primates_censat/bb/sd_biser/mPonPyg2.hap1hap2.v3.sm.BISERregion.bb	11				TRUE	TRUE
ont5mc	ONT5mC	ONT5mCMethylation	Methylation	bigWig	dense	on	https://eichlerlab.gs.washington.edu/help/glogsdon/t2t_primates/frozen_repaired_assemblies_ont_methylation/mGorGor1_ont2patchedv2.bw https://eichlerlab.gs.washington.edu/help/glogsdon/t2t_primates/frozen_repaired_assemblies_ont_methylation/mPanPan1_ont2patchedv1.bw https://eichlerlab.gs.washington.edu/help/glogsdon/t2t_primates/frozen_repaired_assemblies_ont_methylation/mPanTro3_ont2patchedv1.bw https://eichlerlab.gs.washington.edu/help/glogsdon/t2t_primates/frozen_repaired_assemblies_ont_methylation/mPonAbe1_ont2patchedv3.bw https://eichlerlab.gs.washington.edu/help/glogsdon/t2t_primates/frozen_repaired_assemblies_ont_methylation/mPonPyg2_ont2patchedv3.bw	12	https://public.gi.ucsc.edu/~fryabov/ucsc_browser_hubs/hub_t2t-primates_censat/html_descriptions/description_ont5mc.html	https://eichlerlab.gs.washington.edu/help/glogsdon/t2t_primates/frozen_repaired_assemblies_ont_methylation/html_description_ont_methylation.txt	(Glennis)	TRUE	TRUE
cdr	CDRs	Centromere dip regions (CDRs)	Methylation	bigBed 9	dense	on	https://public.gi.ucsc.edu/~fryabov/ucsc_browser_hubs/hub_t2t-primates_censat/bb/cdr/mGorGor1_CDR_v1.6.bb https://public.gi.ucsc.edu/~fryabov/ucsc_browser_hubs/hub_t2t-primates_censat/bb/cdr/mPanPan1_CDR_v1.6.bb https://public.gi.ucsc.edu/~fryabov/ucsc_browser_hubs/hub_t2t-primates_censat/bb/cdr/mPanTro3_CDR_v1.6.bb https://public.gi.ucsc.edu/~fryabov/ucsc_browser_hubs/hub_t2t-primates_censat/bb/cdr/mPonAbe1_CDR_v1.6.bb https://public.gi.ucsc.edu/~fryabov/ucsc_browser_hubs/hub_t2t-primates_censat/bb/cdr/mPonPyg2_CDR_v1.6.bb	13	https://public.gi.ucsc.edu/~fryabov/ucsc_browser_hubs/hub_t2t-primates_censat/html_descriptions/description_cdr.html	https://eichlerlab.gs.washington.edu/help/glogsdon/t2t_primates/frozen_repaired_assemblies_cdr-finder/v1.2/html_description_cdrfinder.txt	(Keith)	TRUE	TRUE	Updated to v1.2 on 4/15/25
cenpa_cr_1bp	CENP-A CUT&RUN 1 bp	CENP-A CUT&RUN 1 bp	CENP-A	bigWig	dense	on	https://eichlerlab.gs.washington.edu/help/glogsdon/t2t_primates/frozen_repaired_assemblies_cenp-a_cutnrun/mGorGor1_CAvsIgG.mGorGor1_matpat_v2.readcount.ratio.1bp.minQ1.bw https://eichlerlab.gs.washington.edu/help/glogsdon/t2t_primates/frozen_repaired_assemblies_cenp-a_cutnrun/mPanPan1_CAvsIgG.mPanPan1_matpat_v1.readcount.ratio.1bp.minQ1.bw https://eichlerlab.gs.washington.edu/help/glogsdon/t2t_primates/frozen_repaired_assemblies_cenp-a_cutnrun/mPanTro3_CAvsIgG.mPanTro3_hap1hap2_v1.readcount.ratio.1bp.minQ1.bw https://eichlerlab.gs.washington.edu/help/glogsdon/t2t_primates/frozen_repaired_assemblies_cenp-a_cutnrun/mPonAbe1_CAvsIgG.mPonAbe1_hap1hap2_v3.readcount.ratio.1bp.minQ1.bw https://eichlerlab.gs.washington.edu/help/glogsdon/t2t_primates/frozen_repaired_assemblies_cenp-a_cutnrun/mPonPyg2_CAvsIgG.mPonPyg2_hap1hap2_v3.readcount.ratio.1bp.minQ1.bw	14	https://public.gi.ucsc.edu/~fryabov/ucsc_browser_hubs/hub_t2t-primates_censat/html_descriptions/description_cenpa_cr_1bp.html	https://eichlerlab.gs.washington.edu/help/glogsdon/t2t_primates/frozen_repaired_assemblies_cenp-a_cutnrun/html_description_cenp-a_cutnrun_1bp.txt	(Glennis)	TRUE	TRUE
cenpa_cr_5kb	CENP-A CUT&RUN 5 kbp	CENP-A CUT&RUN 5 kbp	CENP-A	bigWig	dense	on	https://eichlerlab.gs.washington.edu/help/glogsdon/t2t_primates/frozen_repaired_assemblies_cenp-a_cutnrun/mGorGor1_CAvsIgG.mGorGor1_matpat_v2.readcount.ratio.5kbp.minQ1.bw https://eichlerlab.gs.washington.edu/help/glogsdon/t2t_primates/frozen_repaired_assemblies_cenp-a_cutnrun/mPanPan1_CAvsIgG.mPanPan1_matpat_v1.readcount.ratio.5kbp.minQ1.bw https://eichlerlab.gs.washington.edu/help/glogsdon/t2t_primates/frozen_repaired_assemblies_cenp-a_cutnrun/mPanTro3_CAvsIgG.mPanTro3_hap1hap2_v1.readcount.ratio.5kbp.minQ1.bw https://eichlerlab.gs.washington.edu/help/glogsdon/t2t_primates/frozen_repaired_assemblies_cenp-a_cutnrun/mPonAbe1_CAvsIgG.mPonAbe1_hap1hap2_v3.readcount.ratio.5kbp.minQ1.bw https://eichlerlab.gs.washington.edu/help/glogsdon/t2t_primates/frozen_repaired_assemblies_cenp-a_cutnrun/mPonPyg2_CAvsIgG.mPonPyg2_hap1hap2_v3.readcount.ratio.5kbp.minQ1.bw	15	https://public.gi.ucsc.edu/~fryabov/ucsc_browser_hubs/hub_t2t-primates_censat/html_descriptions/description_cenpa_cr_5bp.html	https://eichlerlab.gs.washington.edu/help/glogsdon/t2t_primates/frozen_repaired_assemblies_cenp-a_cutnrun/html_description_cenp-a_cutnrun_5kbp.txt	(Glennis)	TRUE	TRUE
cenpa_dimelo	CENP-A DiMeLo-seq	CENP-A DiMeLo-seq	CENP-A	bigWig	dense	on	https://eichlerlab.gs.washington.edu/help/glogsdon/t2t_primates/frozen_repaired_assemblies_cenp-a_dimelo/mGorGor1_CENP-A_noAb_dimelo2matpat_v2.0.8.subtract.bw https://eichlerlab.gs.washington.edu/help/glogsdon/t2t_primates/frozen_repaired_assemblies_cenp-a_dimelo/mPanPan1_CENP-A_noAb_dimelo2matpat_v1.0.8.subtract.bw https://eichlerlab.gs.washington.edu/help/glogsdon/t2t_primates/frozen_repaired_assemblies_cenp-a_dimelo/mPanTro3_CENP-A_noAb_dimelo2hap1hap2_v1.0.8.subtract.bw https://eichlerlab.gs.washington.edu/help/glogsdon/t2t_primates/frozen_repaired_assemblies_cenp-a_dimelo/mPonAbe1_CENP-A_noAb_dimelo2hap1hap2_v3.0.8.subtract.bw https://eichlerlab.gs.washington.edu/help/glogsdon/t2t_primates/frozen_repaired_assemblies_cenp-a_dimelo/mPonPyg2_CENP-A_noAb_dimelo2hap1hap2_v3.0.8.subtract.bw	16	https://public.gi.ucsc.edu/~fryabov/ucsc_browser_hubs/hub_t2t-primates_censat/html_descriptions/description_cenpa_dimelo.html	https://eichlerlab.gs.washington.edu/help/glogsdon/t2t_primates/frozen_repaired_assemblies_cenp-a_dimelo/html_description_cenp-a_dimelo-seq.txt	(Glennis)	TRUE	TRUE
sequence_identity	Local sequence identity (%)	Sequence identity (%) of 25 kbp region	Variation and Repeats	bigBed 9	dense	on	https://eichlerlab.gs.washington.edu/help/glogsdon/t2t_primates/frozen_repaired_assemblies_sequence_identity/mGorGor1.matpat.v2.1d_moddotplot.9.bb https://eichlerlab.gs.washington.edu/help/glogsdon/t2t_primates/frozen_repaired_assemblies_sequence_identity/mPanPan1.matpat.v1.1d_moddotplot.9.bb https://eichlerlab.gs.washington.edu/help/glogsdon/t2t_primates/frozen_repaired_assemblies_sequence_identity/mPanTro3.hap1hap2.v1.1d_moddotplot.9.bb https://eichlerlab.gs.washington.edu/help/glogsdon/t2t_primates/frozen_repaired_assemblies_sequence_identity/mPonAbe1.hap1hap2.v3.1d_moddotplot.9.bb https://eichlerlab.gs.washington.edu/help/glogsdon/t2t_primates/frozen_repaired_assemblies_sequence_identity/mPonPyg2.hap1hap2.v3.1d_moddotplot.9.bb	18	https://public.gi.ucsc.edu/~fryabov/ucsc_browser_hubs/hub_t2t-primates_censat/html_descriptions/description_sequence_identity.html	https://eichlerlab.gs.washington.edu/help/glogsdon/t2t_primates/frozen_repaired_assemblies_sequence_identity/html_description_sequence_identity.txt	(Shenghan)	TRUE	TRUE
nonB	Non-B-form DNA	Non-B-form DNA	Variation and Repeats	bigBed 9	dense	on	https://public.gi.ucsc.edu/~fryabov/ucsc_browser_hubs/hub_t2t-primates_censat/bb/nonB/mGorGor1.matpat.v2.nonB_DNA.bb https://public.gi.ucsc.edu/~fryabov/ucsc_browser_hubs/hub_t2t-primates_censat/bb/nonB/mPanPan1.matpat.v1.nonB_DNA.bb https://public.gi.ucsc.edu/~fryabov/ucsc_browser_hubs/hub_t2t-primates_censat/bb/nonB/mPanTro3.hap1hap2.v1.nonB_DNA.bb https://public.gi.ucsc.edu/~fryabov/ucsc_browser_hubs/hub_t2t-primates_censat/bb/nonB/mPonAbe1.hap1hap2.v3.nonB_DNA.bb https://public.gi.ucsc.edu/~fryabov/ucsc_browser_hubs/hub_t2t-primates_censat/bb/nonB/mPonPyg2.hap1hap2.v3.nonB_DNA.bb	19	https://public.gi.ucsc.edu/~fryabov/ucsc_browser_hubs/hub_t2t-primates_censat/html_descriptions/description_nonB.html	https://eichlerlab.gs.washington.edu/help/glogsdon/t2t_primates/frozen_repaired_assemblies_G4_annotation/whole-genome/html_description_gfa_and_quadron.txt	(Linnea/Saswat)	TRUE	TRUE	supertrack of 8 tracks (G-quadruplex DNA included)
genes	Genes	CAT / Liftoff Gene Annotation	Genes	bigBed 12+8	dense	on	https://public.gi.ucsc.edu/~fryabov/ucsc_browser_hubs/hub_t2t-primates_censat/bb/genes/mGorGor1.genes.bb https://public.gi.ucsc.edu/~fryabov/ucsc_browser_hubs/hub_t2t-primates_censat/bb/genes/mPanPan1.genes.bb https://public.gi.ucsc.edu/~fryabov/ucsc_browser_hubs/hub_t2t-primates_censat/bb/genes/mPanTro3.genes.bb https://public.gi.ucsc.edu/~fryabov/ucsc_browser_hubs/hub_t2t-primates_censat/bb/genes/mPonAbe1.genes.bb https://public.gi.ucsc.edu/~fryabov/ucsc_browser_hubs/hub_t2t-primates_censat/bb/genes/mPonPyg2.genes.bb	20	https://public.gi.ucsc.edu/~fryabov/ucsc_browser_hubs/hub_t2t-primates_censat/html_descriptions/description_genes.html
nucflag	NucFlag	Misassemblies detected with NucFlag	QC	bigBed 9	dense	on	https://eichlerlab.gs.washington.edu/help/glogsdon/t2t_primates/frozen_repaired_assemblies_nucflag/whole_genome/mGorGor1_hifi2patchedv2_nucflag.bb https://eichlerlab.gs.washington.edu/help/glogsdon/t2t_primates/frozen_repaired_assemblies_nucflag/whole_genome/mPanPan1_hifi2patchedv1_nucflag.bb https://eichlerlab.gs.washington.edu/help/glogsdon/t2t_primates/frozen_repaired_assemblies_nucflag/whole_genome/mPanTro3_hifi2patchedv1_nucflag.bb https://eichlerlab.gs.washington.edu/help/glogsdon/t2t_primates/frozen_repaired_assemblies_nucflag/whole_genome/mPonAbe1_hifi2patchedv3_nucflag.bb https://eichlerlab.gs.washington.edu/help/glogsdon/t2t_primates/frozen_repaired_assemblies_nucflag/whole_genome/mPonPyg2_hifi2patchedv3_nucflag.bb	22	https://public.gi.ucsc.edu/~fryabov/ucsc_browser_hubs/hub_t2t-primates_censat/html_descriptions/description_nucflag.html	https://eichlerlab.gs.washington.edu/help/glogsdon/t2t_primates/frozen_repaired_assemblies_nucflag/whole_genome/html_description_nucflag.txt	(Keith)	TRUE	TRUE	Updated 04/08/25
repeatmasker_v2	RepeatMasker_v2	RepeatMasker_v2	Variation and Repeats	bigBed 9	dense	on	https://eichlerlab.gs.washington.edu/help/glogsdon/t2t_primates/frozen_repaired_assemblies_repeatmasker/whole_genome/from_jessica_storer/gorgor.align.bb https://eichlerlab.gs.washington.edu/help/glogsdon/t2t_primates/frozen_repaired_assemblies_repeatmasker/whole_genome/from_jessica_storer/gorgor.bb https://eichlerlab.gs.washington.edu/help/glogsdon/t2t_primates/frozen_repaired_assemblies_repeatmasker/whole_genome/from_jessica_storer/panpan.align.bb https://eichlerlab.gs.washington.edu/help/glogsdon/t2t_primates/frozen_repaired_assemblies_repeatmasker/whole_genome/from_jessica_storer/panpan.bb https://eichlerlab.gs.washington.edu/help/glogsdon/t2t_primates/frozen_repaired_assemblies_repeatmasker/whole_genome/from_jessica_storer/pantro.align.bb https://eichlerlab.gs.washington.edu/help/glogsdon/t2t_primates/frozen_repaired_assemblies_repeatmasker/whole_genome/from_jessica_storer/pantro.bb https://eichlerlab.gs.washington.edu/help/glogsdon/t2t_primates/frozen_repaired_assemblies_repeatmasker/whole_genome/from_jessica_storer/ponabe.align.bb https://eichlerlab.gs.washington.edu/help/glogsdon/t2t_primates/frozen_repaired_assemblies_repeatmasker/whole_genome/from_jessica_storer/ponabe.bb https://eichlerlab.gs.washington.edu/help/glogsdon/t2t_primates/frozen_repaired_assemblies_repeatmasker/whole_genome/from_jessica_storer/ponpyg.align.bb https://eichlerlab.gs.washington.edu/help/glogsdon/t2t_primates/frozen_repaired_assemblies_repeatmasker/whole_genome/from_jessica_storer/ponpyg.bb	1	https://eichlerlab.gs.washington.edu/help/glogsdon/t2t_primates/frozen_repaired_assemblies_repeatmasker/whole_genome/from_jessica_storer/html_description_repeatmasker.html	https://eichlerlab.gs.washington.edu/help/glogsdon/t2t_primates/frozen_repaired_assemblies_repeatmasker/whole_genome/from_jessica_storer/html_description_repeatmasker.html	(Jessica/Fedor)	TRUE	TRUE
genome_feature	Genome Feature		Variation and Repeats		dense	on		4			(Hailey?)	FALSE	FALSE
gc	GC percent	GC percent	Variation and Repeats		dense	on		21			(?)	FALSE	FALSE
flagger	Flagger		QC		dense	on		23			(Luciana)	FALSE	FALSE
gavisunk	GAVISUNK		QC		dense	on		24			(Shenghan)	FALSE	FALSE
low-q_regions	Low-quality regions		QC		dense	on		25			(Keith/Shenghan)	FALSE	FALSE
te	TEs	TEs	Variation and Repeats		dense	on		11			(Jessica)	FALSE	FALSE


hub.txt
https://genome.ucsc.edu/s/fedorrik/primates_censat
