chrom,xpos_st,xpos_end,ypos_st,ypos_end
chr1,21.522,222.936,111,191
chr2,222.936,351.934,111,191
chr3,351.934,511.659,111,191
chr4,511.659,648.030,111,211
chr5,648.030,816.0,111,201
chr6,23.777,206.039,289,379
chr7,206.039,360.526,289,379
chr8,360.526,502.028,289,399
chr9,502.028,654.630,289,349
chr10,654.630,816.0,289,389
chr11,20.472,208.592,476,556
chr12,208.592,349.285,476,556
chr13,349.285,501.306,476,576
chr14,501.306,652.248,476,536
chr15,652.248,816.0,476,546
chr16,21.313,203.487,654,724
chr17,203.487,349.958,654,744
chr18,349.958,506.460,654,734
chr19,506.460,659.102,654,754
chr20,659.102,816.0,654,764
chr21,21.708,206.370,841,921
chr22,206.370,352.863,841,921
chrX,352.863,511.455,841,881
chrY,511.455,626.015,841,911
